Interval = 1 sec ,,,,,,,,,,,
SEQ, TEMPERATURE(0.01 degreeC), HUMIDITY(0.01), AMBIENT LIGHT, BAROMETRIC PRESSURE, SOUND NOISE, eTVOC, eCO2, FLAGnotburn,FLAGburn, FLAGnotburn,FLAGburn
70,2788,6390,61,997162,8150,29,591,1,0,1,0
71,2788,6386,61,997162,8116,29,591,1,0,1,0
72,2788,6387,58,997161,8098,29,591,1,0,1,0
73,2785,6395,58,997165,8271,29,591,1,0,1,0
74,2783,6404,58,997164,8215,28,584,1,0,1,0
75,2782,6411,58,997165,8201,29,591,1,0,1,0
76,2781,6411,58,997167,8300,28,584,1,0,1,0
77,2783,6408,58,997170,8107,29,591,1,0,1,0
78,2782,6409,49,997165,8164,29,591,1,0,1,0
79,2781,6412,52,997158,8132,28,584,1,0,1,0
80,2779,6417,67,997157,8216,29,591,1,0,1,0
81,2776,6422,70,997160,8450,28,584,1,0,1,0
82,2775,6429,70,997167,8352,28,584,1,0,1,0
83,2775,6433,70,997166,8289,28,584,1,0,1,0
84,2772,6443,70,997167,8072,28,584,1,0,1,0
85,2771,6448,70,997168,8174,27,580,1,0,1,0
86,2770,6452,79,997167,8122,34,626,1,0,1,0
87,2769,6453,81,997164,8105,34,626,1,0,1,0
88,2770,6450,81,997168,8108,34,626,1,0,1,0
89,2767,6456,81,997168,8126,34,626,1,0,1,0
90,2765,6459,81,997167,8241,34,626,1,0,1,0
91,2762,6471,81,997165,8172,34,626,1,0,1,0
92,2759,6483,81,997160,8197,34,626,1,0,1,0
93,2759,6489,81,997160,8207,34,626,1,0,1,0
94,2760,6493,81,997160,8093,33,618,1,0,1,0
95,2759,6500,81,997156,8175,33,618,1,0,1,0
96,2759,6505,81,997159,8230,33,618,1,0,1,0
97,2759,6506,81,997160,8080,32,611,1,0,1,0
98,2756,6516,79,997157,8197,32,611,1,0,1,0
99,2756,6519,79,997157,8146,32,611,1,0,1,0
100,2755,6521,76,997159,8284,32,611,1,0,1,0
101,2754,6523,76,997160,8946,32,611,1,0,1,0
102,2753,6526,76,997158,8252,32,611,1,0,1,0
103,2753,6525,79,997160,8275,32,611,1,0,1,0
104,2753,6526,83,997162,8226,32,611,1,0,1,0
105,2752,6531,83,997163,8287,32,611,1,0,1,0
106,2751,6530,79,997159,8100,32,611,1,0,1,0
107,2751,6529,76,997158,8281,30,603,1,0,1,0
108,2751,6528,76,997157,8136,30,603,1,0,1,0
109,2753,6523,76,997161,8188,32,611,1,0,1,0
110,2755,6520,76,997162,8146,32,611,1,0,1,0
111,2755,6519,76,997162,8190,32,611,1,0,1,0
112,2754,6523,79,997160,8150,30,602,1,0,1,0
113,2752,6532,76,997159,8321,32,611,1,0,1,0
114,2752,6538,76,997158,8277,32,611,1,0,1,0
115,2750,6547,79,997161,8204,30,597,1,0,1,0
116,2749,6552,76,997172,8079,30,597,1,0,1,0
117,2750,6555,76,997176,8137,30,597,1,0,1,0
118,2750,6558,76,997181,8101,30,597,1,0,1,0
119,2751,6558,76,997182,8004,30,597,1,0,1,0
120,2751,6559,76,997181,8118,29,592,1,0,1,0
121,2751,6558,76,997180,8287,30,597,1,0,1,0
122,2752,6558,76,997182,8182,30,597,1,0,1,0
123,2752,6554,74,997182,8155,30,597,1,0,1,0
124,2752,6551,72,997177,8013,30,597,1,0,1,0
125,2755,6545,70,997177,8091,30,597,1,0,1,0
126,2753,6546,67,997182,8179,29,592,1,0,1,0
127,2753,6549,70,997182,8172,30,597,1,0,1,0
128,2755,6548,74,997186,8322,29,592,1,0,1,0
129,2752,6563,79,997189,8277,30,597,1,0,1,0
130,2754,6564,76,997186,8262,29,592,1,0,1,0
131,2756,6562,76,997182,8231,29,592,1,0,1,0
132,2756,6564,79,997182,8348,30,597,1,0,1,0
133,2760,6555,79,997186,8145,29,592,1,0,1,0
134,2758,6559,79,997186,8235,29,592,1,0,1,0
135,2757,6564,81,997188,8317,29,592,1,0,1,0
136,2758,6564,83,997187,8216,29,592,1,0,1,0
137,2759,6563,83,997185,8363,29,592,1,0,1,0
138,2763,6554,83,997184,8311,28,586,1,0,1,0
139,2764,6548,83,997187,8398,28,586,1,0,1,0
140,2766,6543,83,997190,8436,26,577,1,0,1,0
141,2769,6534,83,997184,8213,26,577,1,0,1,0
142,2771,6529,83,997179,8082,26,577,1,0,1,0
143,2773,6530,83,997179,8168,25,570,1,0,1,0
144,2772,6536,83,997180,8553,27,581,1,0,1,0
145,2770,6544,83,997182,8939,25,570,1,0,1,0
146,2769,6547,83,997182,9201,25,565,1,0,1,0
147,2769,6547,83,997182,8768,25,570,1,0,1,0
148,2770,6542,83,997181,8269,25,565,1,0,1,0
149,2771,6540,83,997184,8463,25,570,1,0,1,0
150,2769,6540,83,997188,8323,25,570,1,0,1,0
151,2770,6534,83,997187,8377,25,570,1,0,1,0
152,2773,6523,83,997184,8269,25,570,1,0,1,0
153,2774,6515,83,997182,8258,25,570,1,0,1,0
154,2775,6509,83,997184,8120,25,569,1,0,1,0
155,2775,6506,83,997183,8222,26,575,1,0,1,0
156,2773,6510,83,997185,8015,20,534,1,0,1,0
157,2772,6510,83,997188,8287,20,534,1,0,1,0
158,2772,6510,83,997188,8240,25,569,1,0,1,0
159,2771,6514,83,997190,8215,25,569,1,0,1,0
160,2772,6513,83,997194,8205,25,569,1,0,1,0
161,2774,6511,83,997191,8104,26,575,1,0,1,0
162,2773,6514,83,997192,8236,26,575,1,0,1,0
163,2774,6512,83,997192,8381,26,575,1,0,1,0
164,2773,6512,83,997196,8353,26,575,1,0,1,0
165,2772,6514,83,997195,8647,27,581,1,0,1,0
166,2773,6510,81,997191,9365,26,575,1,0,1,0
167,2776,6504,81,997194,9302,26,575,1,0,1,0
168,2779,6497,81,997193,8528,26,575,1,0,1,0
169,2779,6497,81,997192,8546,19,529,1,0,1,0
170,2778,6502,81,997190,8502,19,529,1,0,1,0
171,2778,6509,81,997190,8460,20,534,1,0,1,0
172,2779,6511,81,997192,8331,19,529,1,0,1,0
173,2782,6506,79,997187,8612,19,529,1,0,1,0
174,2785,6498,79,997185,8639,19,529,1,0,1,0
175,2787,6487,70,997185,9486,19,529,1,0,1,0
176,2788,6480,72,997184,9231,19,529,1,0,1,0
177,2789,6473,74,997185,8796,19,529,1,0,1,0
178,2791,6462,72,997186,8831,19,529,1,0,1,0
179,2793,6452,70,997186,8648,20,534,1,0,1,0
180,2797,6437,74,997191,8681,20,534,1,0,1,0
181,2798,6431,67,997191,8436,21,540,1,0,1,0
182,2799,6419,74,997189,8381,20,534,1,0,1,0
183,2799,6412,76,997190,8826,21,540,1,0,1,0
184,2798,6412,74,997190,8786,21,543,1,0,1,0
185,2800,6404,74,997189,8418,21,543,1,0,1,0
186,2801,6401,74,997187,8628,21,543,1,0,1,0
187,2800,6401,74,997191,8346,21,543,1,0,1,0
188,2801,6397,74,997189,8201,21,543,1,0,1,0
189,2802,6392,74,997188,8464,22,549,1,0,1,0
190,2802,6393,74,997193,8177,21,543,1,0,1,0
191,2802,6391,74,997193,8221,22,549,1,0,1,0
192,2803,6391,74,997193,8119,21,543,1,0,1,0
193,2802,6396,74,997192,8230,22,549,1,0,1,0
194,2803,6399,74,997193,8197,21,543,1,0,1,0
195,2806,6399,74,997194,8285,21,543,1,0,1,0
196,2804,6413,74,997191,8184,20,537,1,0,1,0
197,2803,6423,74,997190,8192,20,537,1,0,1,0
198,2800,6442,74,997196,8305,20,537,1,0,1,0
199,2799,6450,74,997197,8467,19,529,1,0,1,0
200,2802,6448,74,997199,8073,19,526,1,0,1,0
201,2802,6453,74,997197,8444,19,526,1,0,1,0
202,2805,6446,74,997197,8230,20,534,1,0,1,0
203,2803,6450,74,997194,8243,20,534,1,0,1,0
204,2803,6450,74,997196,8217,20,534,1,0,1,0
205,2803,6447,74,997195,8066,20,534,1,0,1,0
206,2804,6446,74,997191,8103,22,546,1,0,1,0
207,2807,6444,74,997189,8145,27,580,1,0,1,0
208,2806,6453,74,997191,8142,32,611,1,0,1,0
209,2807,6457,74,997188,8166,36,638,1,0,1,0
210,2807,6465,74,997192,8142,43,688,1,0,1,0
211,2805,6475,74,997195,8283,57,776,1,0,1,0
212,2806,6477,74,997195,8243,64,825,1,0,1,0
213,2804,6484,72,997198,8267,67,840,1,0,1,0
214,2807,6476,72,997196,8125,64,825,1,0,1,0
215,2808,6467,72,997199,8044,60,798,1,0,1,0
216,2809,6465,70,997194,8126,58,785,1,0,1,0
217,2810,6458,70,997193,8104,56,768,1,0,1,0
218,2807,6462,67,997196,8197,57,776,1,0,1,0
219,2807,6460,67,997199,8184,58,785,1,0,1,0
220,2806,6461,67,997201,8437,58,785,1,0,1,0
221,2807,6460,67,997201,8249,58,785,1,0,1,0
222,2807,6461,70,997204,8287,57,776,1,0,1,0
223,2804,6467,70,997201,8349,53,752,1,0,1,0
224,2804,6465,70,997194,8101,52,744,1,0,1,0
225,2806,6458,70,997194,8099,51,735,1,0,1,0
226,2808,6450,70,997196,8269,49,726,1,0,1,0
227,2810,6444,70,997198,8078,47,714,1,0,1,0
228,2809,6445,70,997199,8410,47,714,1,0,1,0
229,2806,6451,70,997199,8150,46,706,1,0,1,0
230,2805,6455,72,997200,8520,46,706,1,0,1,0
231,2804,6456,72,997198,8086,47,714,1,0,1,0
232,2804,6453,70,997199,8092,47,714,1,0,1,0
233,2803,6452,70,997197,8234,47,714,1,0,1,0
234,2804,6442,70,997201,8244,46,706,1,0,1,0
235,2805,6435,70,997207,8114,46,706,1,0,1,0
236,2806,6428,70,997206,8225,45,699,1,0,1,0
237,2809,6416,72,997200,8038,45,699,1,0,1,0
238,2807,6420,72,997195,8163,44,692,1,0,1,0
239,2806,6425,72,997197,8126,44,692,1,0,1,0
240,2806,6425,70,997195,8036,44,692,1,0,1,0
241,2804,6432,72,997195,8077,46,702,1,0,1,0
242,2805,6434,67,997193,8081,46,702,1,0,1,0
243,2808,6432,67,997196,8147,45,699,1,0,1,0
244,2807,6435,70,997194,8100,43,688,1,0,1,0
245,2808,6433,72,997194,8119,43,688,1,0,1,0
246,2809,6430,72,997198,8239,43,688,1,0,1,0
247,2808,6427,70,997199,8312,43,688,1,0,1,0
248,2810,6421,67,997202,8219,42,679,1,0,1,0
249,2809,6418,70,997202,8371,44,692,1,0,1,0
250,2809,6418,67,997205,8385,43,683,1,0,1,0
251,2806,6425,67,997206,8427,41,675,1,0,1,0
252,2805,6428,70,997205,8374,41,675,1,0,1,0
253,2804,6431,63,997207,8231,41,675,1,0,1,0
254,2807,6419,63,997212,8302,40,665,1,0,1,0
255,2809,6406,63,997211,8423,38,652,1,0,1,0
0,2811,6395,67,997208,8399,39,656,1,0,1,0
1,2811,6386,70,997206,8209,37,649,1,0,1,0
2,2811,6380,70,997204,8221,39,656,1,0,1,0
3,2812,6369,72,997204,8356,37,649,1,0,1,0
4,2809,6366,70,997204,8255,36,641,1,0,1,0
5,2811,6354,70,997207,8215,37,646,1,0,1,0
6,2808,6354,70,997204,8226,37,646,1,0,1,0
7,2805,6351,70,997202,8221,36,638,1,0,1,0
8,2807,6336,70,997205,8303,37,646,1,0,1,0
9,2806,6326,70,997204,8376,36,638,1,0,1,0
10,2807,6311,72,997208,8410,36,638,1,0,1,0
11,2808,6303,72,997210,8401,37,645,1,0,1,0
12,2808,6300,72,997209,8510,37,645,1,0,1,0
13,2809,6298,70,997212,8332,37,645,1,0,1,0
14,2808,6303,70,997215,8256,38,653,1,0,1,0
15,2809,6307,67,997215,8407,38,653,1,0,1,0
16,2808,6319,67,997218,8153,37,645,1,0,1,0
17,2807,6330,65,997214,8288,37,645,1,0,1,0
18,2807,6337,65,997212,8361,37,645,1,0,1,0
19,2807,6342,65,997212,8267,36,638,1,0,1,0
20,2808,6346,65,997213,8282,36,638,1,0,1,0
21,2808,6350,65,997210,8289,36,638,1,0,1,0
22,2809,6351,65,997204,8372,36,638,1,0,1,0
23,2809,6351,65,997203,8237,36,638,1,0,1,0
24,2808,6352,67,997207,9503,36,638,1,0,1,0
25,2809,6352,67,997209,9247,36,638,1,0,1,0
26,2810,6346,70,997204,8656,36,638,1,0,1,0
27,2812,6342,70,997205,8417,36,638,1,0,1,0
28,2815,6333,70,997207,8820,36,638,1,0,1,0
29,2818,6319,70,997206,8540,36,638,1,0,1,0
30,2817,6314,67,997207,9630,36,638,1,0,1,0
31,2818,6301,65,997208,9494,36,638,1,0,1,0
32,2818,6293,65,997213,9470,36,638,1,0,1,0
33,2818,6287,65,997215,9422,37,645,1,0,1,0
34,2818,6283,65,997215,8817,37,645,1,0,1,0
35,2816,6282,65,997213,8648,37,645,1,0,1,0
36,2816,6277,67,997216,8393,36,638,1,0,1,0
37,2816,6277,70,997217,8319,37,645,1,0,1,0
38,2816,6274,70,997216,8364,38,652,1,0,1,0
39,2816,6271,67,997212,8771,37,645,1,0,1,0
40,2816,6271,67,997214,8618,37,645,1,0,1,0
41,2816,6267,67,997213,8582,37,645,1,0,1,0
42,2814,6267,67,997212,8731,37,645,1,0,1,0
43,2815,6265,67,997214,8535,37,645,1,0,1,0
44,2816,6263,67,997217,8077,37,645,1,0,1,0
45,2816,6261,65,997215,9080,37,645,1,0,1,0
46,2818,6261,67,997210,8561,36,638,1,0,1,0
47,2818,6267,67,997207,8216,37,645,1,0,1,0
48,2818,6271,67,997212,8380,36,638,1,0,1,0
49,2816,6284,67,997213,8113,36,638,1,0,1,0
50,2815,6292,67,997213,8130,35,633,1,0,1,0
51,2815,6293,67,997207,8158,35,631,1,0,1,0
52,2815,6296,67,997206,8267,35,631,1,0,1,0
53,2817,6295,67,997214,8118,35,631,1,0,1,0
54,2817,6294,67,997215,8330,34,626,1,0,1,0
55,2817,6296,67,997216,8268,34,626,1,0,1,0
56,2815,6298,67,997215,8473,34,626,1,0,1,0
57,2816,6293,67,997215,8277,34,626,1,0,1,0
58,2815,6292,67,997214,8159,33,617,1,0,1,0
59,2816,6285,70,997212,8183,34,626,1,0,1,0
60,2819,6277,67,997210,8241,33,617,1,0,1,0
61,2819,6276,70,997216,8182,34,626,1,0,1,0
62,2821,6268,70,997216,8170,34,624,1,0,1,0
63,2820,6269,70,997214,8098,34,624,1,0,1,0
64,2818,6271,70,997210,8345,34,624,1,0,1,0
65,2819,6268,70,997214,8217,34,624,1,0,1,0
66,2818,6269,70,997215,8145,34,624,1,0,1,0
67,2817,6266,67,997217,8322,33,617,1,0,1,0
68,2818,6261,67,997217,8355,32,611,1,0,1,0
69,2819,6259,67,997212,8150,33,617,1,0,1,0
70,2820,6264,67,997213,8054,33,617,1,0,1,0
71,2820,6277,67,997213,8255,33,617,1,0,1,0
72,2818,6298,70,997218,8062,32,611,1,0,1,0
73,2818,6312,70,997220,8270,33,617,1,0,1,0
74,2817,6317,70,997222,8186,32,611,1,0,1,0
75,2815,6318,70,997222,8267,33,617,1,0,1,0
76,2817,6306,70,997224,8131,32,611,1,0,1,0
77,2815,6305,70,997221,8264,32,611,1,0,1,0
78,2813,6298,70,997219,8896,32,611,1,0,1,0
79,2815,6285,70,997223,8305,32,611,1,0,1,0
80,2816,6278,70,997225,8280,32,611,1,0,1,0
81,2818,6265,70,997222,8332,32,611,1,0,1,0
82,2819,6261,70,997221,8285,33,617,1,0,1,0
83,2818,6260,70,997223,8257,33,617,1,0,1,0
84,2818,6260,72,997219,8129,33,617,1,0,1,0
85,2819,6257,72,997216,8921,33,617,1,0,1,0
86,2820,6253,72,997212,8299,33,617,1,0,1,0
87,2821,6249,72,997213,8328,34,624,1,0,1,0
88,2821,6249,72,997213,8096,34,624,1,0,1,0
89,2818,6256,72,997212,8252,33,617,1,0,1,0
90,2819,6256,72,997208,8443,33,617,1,0,1,0
91,2820,6254,72,997211,8349,33,617,1,0,1,0
92,2822,6248,72,997216,8191,30,602,1,0,1,0
93,2826,6239,72,997214,8179,30,602,1,0,1,0
94,2826,6240,72,997215,9331,30,602,1,0,1,0
95,2826,6240,70,997217,8305,22,548,1,0,1,0
96,2826,6239,72,997217,8202,28,584,1,0,1,0
97,2826,6239,72,997219,8674,29,596,1,0,1,0
98,2825,6239,72,997217,8726,28,589,1,0,1,0
99,2823,6243,72,997217,8781,28,584,1,0,1,0
100,2822,6248,70,997219,8613,28,589,1,0,1,0
101,2819,6253,72,997217,8726,34,624,1,0,1,0
102,2819,6254,72,997219,8402,28,588,1,0,1,0
103,2818,6256,72,997222,8465,28,588,1,0,1,0
104,2817,6260,74,997223,8419,28,588,1,0,1,0
105,2818,6259,72,997218,9327,28,588,1,0,1,0
106,2817,6261,72,997218,8531,28,588,1,0,1,0
107,2816,6263,72,997221,8606,28,588,1,0,1,0
108,2816,6261,70,997221,8513,28,588,1,0,1,0
109,2816,6262,72,997222,8358,28,588,1,0,1,0
110,2813,6271,72,997218,8199,28,588,1,0,1,0
111,2814,6271,72,997217,8286,29,594,1,0,1,0
112,2813,6274,72,997219,8119,28,588,1,0,1,0
113,2810,6283,72,997220,8413,29,594,1,0,1,0
114,2811,6282,72,997218,8615,28,588,1,0,1,0
115,2812,6283,72,997218,8245,28,588,1,0,1,0
116,2814,6281,72,997214,8320,27,580,1,0,1,0
117,2815,6277,72,997214,8205,28,588,1,0,1,0
118,2816,6275,72,997214,8149,28,588,1,0,1,0
119,2814,6276,72,997212,8256,29,594,1,0,1,0
120,2814,6276,72,997213,8244,28,588,1,0,1,0
121,2815,6277,72,997216,8187,28,588,1,0,1,0
122,2814,6282,72,997223,8204,27,581,1,0,1,0
123,2813,6292,72,997225,8482,28,588,1,0,1,0
124,2811,6304,72,997222,8268,27,580,1,0,1,0
125,2810,6314,70,997216,8320,27,580,1,0,1,0
126,2808,6319,70,997219,8111,27,580,1,0,1,0
127,2808,6322,70,997218,8250,27,580,1,0,1,0
128,2808,6321,72,997222,8258,27,580,1,0,1,0
129,2808,6319,72,997221,8357,27,580,1,0,1,0
130,2808,6318,72,997224,8265,27,580,1,0,1,0
131,2808,6315,72,997224,8198,27,580,1,0,1,0
132,2807,6316,72,997226,8325,27,580,1,0,1,0
133,2807,6314,72,997218,8256,28,588,1,0,1,0
134,2808,6312,72,997212,8285,27,580,1,0,1,0
135,2808,6309,72,997213,8346,28,588,1,0,1,0
136,2808,6310,72,997220,8146,28,588,1,0,1,0
137,2808,6310,72,997225,8142,28,588,1,0,1,0
138,2808,6308,72,997224,8348,28,588,1,0,1,0
139,2807,6312,72,997222,8377,27,580,1,0,1,0
140,2808,6311,72,997222,8350,28,588,1,0,1,0
141,2808,6312,72,997226,8313,27,580,1,0,1,0
142,2807,6320,72,997228,8345,28,588,1,0,1,0
143,2807,6322,72,997228,8339,28,588,1,0,1,0
144,2807,6324,74,997232,8383,28,588,1,0,1,0
145,2805,6325,72,997234,8331,28,588,1,0,1,0
146,2806,6319,72,997235,8146,28,588,1,0,1,0
147,2805,6316,72,997226,8211,28,588,1,0,1,0
148,2804,6317,72,997223,8188,28,588,1,0,1,0
149,2805,6318,72,997223,8466,28,588,1,0,1,0
150,2806,6320,74,997227,8954,28,588,1,0,1,0
151,2808,6326,74,997226,8259,27,580,1,0,1,0
152,2808,6332,72,997223,8622,27,580,1,0,1,0
153,2806,6339,74,997227,8469,27,580,1,0,1,0
154,2804,6345,74,997224,8135,25,569,1,0,1,0
155,2803,6345,74,997225,8403,26,574,1,0,1,0
156,2803,6340,74,997228,8316,25,569,1,0,1,0
157,2803,6339,74,997226,8207,25,569,1,0,1,0
158,2804,6336,74,997229,8382,25,569,1,0,1,0
159,2804,6335,74,997231,8387,26,574,1,0,1,0
160,2806,6333,74,997223,8367,25,569,1,0,1,0
161,2807,6335,74,997223,8288,25,569,1,0,1,0
162,2807,6340,74,997223,8217,25,569,1,0,1,0
163,2807,6346,74,997222,8107,24,564,1,0,1,0
164,2808,6346,74,997223,8311,25,569,1,0,1,0
165,2808,6346,74,997224,8478,25,569,1,0,1,0
166,2810,6338,74,997222,8434,25,569,1,0,1,0
167,2811,6331,74,997222,8668,25,569,1,0,1,0
168,2809,6330,76,997220,8262,25,569,1,0,1,0
169,2809,6331,74,997217,8256,24,564,1,0,1,0
170,2807,6340,74,997224,8191,24,564,1,0,1,0
171,2808,6345,67,997223,8321,24,564,1,0,1,0
172,2808,6351,74,997224,8237,24,564,1,0,1,0
173,2807,6356,74,997221,8570,24,564,1,0,1,0
174,2808,6355,74,997224,8438,24,564,1,0,1,0
175,2808,6357,74,997225,8461,24,564,1,0,1,0
176,2805,6363,74,997228,8368,24,564,1,0,1,0
177,2808,6356,76,997228,8452,24,564,1,0,1,0
178,2808,6354,76,997227,8228,24,564,1,0,1,0
179,2808,6350,76,997231,8321,23,553,1,0,1,0
180,2810,6341,74,997235,8335,24,564,1,0,1,0
181,2808,6345,76,997235,8555,23,553,1,0,1,0
182,2809,6345,76,997234,8473,23,553,1,0,1,0
183,2810,6347,76,997231,8466,23,553,1,0,1,0
184,2808,6353,74,997229,8658,23,553,1,0,1,0
185,2808,6350,76,997223,8506,23,553,1,0,1,0
186,2806,6347,76,997222,8549,23,553,1,0,1,0
187,2806,6342,76,997223,8561,23,553,1,0,1,0
188,2807,6336,74,997224,8668,23,553,1,0,1,0
189,2806,6336,74,997228,8445,23,553,1,0,1,0
190,2806,6340,74,997233,8394,23,553,1,0,1,0
191,2806,6343,76,997236,8340,23,553,1,0,1,0
192,2807,6347,74,997236,8630,23,553,1,0,1,0
193,2807,6350,76,997235,8458,22,548,1,0,1,0
194,2806,6351,76,997236,8448,22,548,1,0,1,0
195,2803,6357,76,997239,9740,22,548,1,0,1,0
196,2803,6355,74,997233,8644,22,548,1,0,1,0
197,2803,6351,76,997238,8639,21,542,1,0,1,0
198,2802,6351,76,997238,8472,21,542,1,0,1,0
199,2802,6355,76,997241,8498,22,548,1,0,1,0
200,2800,6364,76,997241,8364,22,548,1,0,1,0
201,2798,6377,76,997237,8353,22,548,1,0,1,0
202,2800,6378,76,997236,8257,22,548,1,0,1,0
203,2801,6376,76,997236,8403,22,548,1,0,1,0
204,2801,6374,76,997233,8990,22,548,1,0,1,0
205,2801,6370,76,997232,8338,23,553,1,0,1,0
206,2797,6374,76,997228,8127,22,548,1,0,1,0
207,2795,6375,76,997231,8157,23,553,1,0,1,0
208,2796,6367,76,997232,9254,23,553,1,0,1,0
209,2798,6358,76,997235,8244,23,553,1,0,1,0
210,2800,6353,76,997237,8349,23,553,1,0,1,0
211,2800,6356,76,997242,8364,23,553,1,0,1,0
212,2798,6366,76,997244,8423,22,548,1,0,1,0
213,2798,6371,76,997244,8400,23,553,1,0,1,0
214,2798,6374,76,997241,8659,23,553,1,0,1,0
215,2799,6369,76,997236,8418,23,553,1,0,1,0
216,2800,6364,76,997238,8529,24,564,1,0,1,0
217,2798,6366,76,997243,8572,24,564,1,0,1,0
218,2799,6362,76,997242,8483,23,553,1,0,1,0
219,2796,6368,76,997237,8384,24,564,1,0,1,0
220,2797,6366,76,997234,8230,24,564,1,0,1,0
221,2796,6365,76,997235,8525,23,553,1,0,1,0
222,2796,6366,76,997240,8216,24,564,1,0,1,0
223,2797,6363,76,997240,8165,24,564,1,0,1,0
224,2796,6367,76,997243,8475,23,553,1,0,1,0
225,2796,6365,76,997242,8342,24,564,1,0,1,0
226,2793,6365,79,997242,8513,24,564,1,0,1,0
227,2796,6356,76,997247,8528,23,553,1,0,1,0
228,2798,6347,76,997252,8714,24,564,1,0,1,0
229,2799,6343,79,997249,8421,24,564,1,0,1,0
230,2800,6342,76,997251,8437,23,553,1,0,1,0
231,2799,6344,76,997251,8198,23,553,1,0,1,0
232,2798,6348,76,997250,8392,24,564,1,0,1,0
233,2798,6348,76,997249,8357,24,564,1,0,1,0
234,2798,6348,76,997249,8743,24,564,1,0,1,0
235,2797,6349,76,997248,8477,23,553,1,0,1,0
236,2797,6348,76,997246,8552,24,564,1,0,1,0
237,2797,6350,76,997246,9010,24,564,1,0,1,0
238,2796,6352,76,997245,8576,22,548,1,0,1,0
239,2798,6352,76,997244,8342,24,564,1,0,1,0
240,2800,6350,76,997248,8348,24,564,1,0,1,0
241,2799,6351,76,997249,8460,24,564,1,0,1,0
242,2802,6344,76,997250,8767,25,569,1,0,1,0
243,2803,6336,76,997245,8946,24,564,1,0,1,0
244,2801,6334,76,997245,8532,24,564,1,0,1,0
245,2801,6325,76,997246,8615,25,569,1,0,1,0
246,2798,6322,76,997243,8075,25,569,1,0,1,0
247,2797,6322,76,997246,8240,26,575,1,0,1,0
248,2799,6313,76,997247,9056,26,575,1,0,1,0
249,2801,6309,76,997239,8832,26,575,1,0,1,0
250,2801,6311,76,997238,8582,26,575,1,0,1,0
251,2803,6307,79,997239,8902,26,575,1,0,1,0
252,2803,6313,79,997238,8346,26,575,1,0,1,0
253,2803,6315,79,997235,8414,26,575,1,0,1,0
254,2805,6312,79,997234,8356,26,575,1,0,1,0
255,2804,6317,79,997232,8294,26,575,1,0,1,0
0,2802,6314,79,997235,8223,25,569,1,0,1,0
1,2802,6312,79,997241,8247,26,575,1,0,1,0
2,2803,6312,79,997240,8312,25,569,1,0,1,0
3,2806,6311,79,997240,8579,26,575,1,0,1,0
4,2807,6314,76,997245,8371,25,569,1,0,1,0
5,2809,6313,79,997246,8478,25,569,1,0,1,0
6,2809,6315,76,997245,8612,25,569,1,0,1,0
7,2810,6309,76,997242,8503,25,569,1,0,1,0
8,2811,6306,79,997245,8459,25,569,1,0,1,0
9,2811,6307,79,997246,8283,25,569,1,0,1,0
10,2813,6306,79,997243,8773,25,569,1,0,1,0
11,2811,6316,79,997242,8316,24,561,1,0,1,0
12,2811,6323,79,997241,8273,25,569,1,0,1,0
13,2808,6337,79,997240,8144,25,569,1,0,1,0
14,2805,6348,79,997240,8079,25,569,1,0,1,0
15,2805,6355,79,997243,8234,24,564,1,0,1,0
16,2808,6349,79,997240,8109,24,564,1,0,1,0
17,2810,6342,79,997237,8188,24,564,1,0,1,0
18,2813,6333,79,997236,8146,24,564,1,0,1,0
19,2817,6320,79,997236,8153,24,564,1,0,1,0
20,2817,6316,79,997235,8275,23,553,1,0,1,0
21,2818,6311,79,997235,8272,24,561,1,0,1,0
22,2817,6313,79,997237,8119,24,561,1,0,1,0
23,2818,6314,79,997238,8095,23,553,1,0,1,0
24,2817,6324,79,997237,8322,23,553,1,0,1,0
25,2817,6331,79,997238,8519,23,553,1,0,1,0
26,2819,6336,79,997243,8295,23,553,1,0,1,0
27,2819,6344,79,997242,8298,22,548,1,0,1,0
28,2818,6344,79,997242,8233,22,548,1,0,1,0
29,2819,6339,79,997240,8386,22,548,1,0,1,0
30,2821,6328,79,997238,8322,21,542,1,0,1,0
31,2821,6324,79,997237,8412,20,533,1,0,1,0
32,2820,6325,79,997235,8205,22,548,1,0,1,0
33,2819,6330,79,997240,8274,22,548,1,0,1,0
34,2816,6342,79,997240,8311,21,539,1,0,1,0
35,2816,6346,79,997241,8174,20,533,1,0,1,0
36,2821,6338,79,997237,8313,20,533,1,0,1,0
37,2820,6338,76,997238,8354,20,533,1,0,1,0
38,2821,6332,79,997234,8232,20,533,1,0,1,0
39,2822,6329,79,997234,8349,20,533,1,0,1,0
40,2820,6332,79,997238,8316,19,527,1,0,1,0
41,2823,6324,79,997237,8177,21,539,1,0,1,0
42,2825,6322,76,997238,8181,19,527,1,0,1,0
43,2827,6319,76,997240,8230,20,533,1,0,1,0
44,2826,6320,76,997244,8084,13,488,1,0,1,0
45,2825,6324,79,997246,8137,19,531,1,0,1,0
46,2825,6325,79,997246,8317,19,526,1,0,1,0
47,2825,6328,79,997245,8248,17,518,1,0,1,0
48,2827,6329,79,997245,8341,19,526,1,0,1,0
49,2829,6325,79,997251,8247,16,508,1,0,1,0
50,2829,6324,79,997250,8414,15,502,1,0,1,0
51,2830,6327,79,997250,8593,15,502,1,0,1,0
52,2830,6331,79,997250,8639,16,508,1,0,1,0
53,2832,6334,79,997249,8126,15,502,1,0,1,0
54,2833,6337,79,997250,8691,15,502,1,0,1,0
55,2832,6337,79,997249,9082,14,497,1,0,1,0
56,2834,6332,79,997249,8412,14,497,1,0,1,0
57,2832,6335,79,997250,8482,13,488,1,0,1,0
58,2833,6328,79,997254,9287,14,497,1,0,1,0
59,2833,6328,79,997256,8425,13,488,1,0,1,0
60,2833,6328,79,997254,8364,13,488,1,0,1,0
61,2836,6321,79,997250,8403,13,488,1,0,1,0
62,2836,6325,79,997248,8289,13,488,1,0,1,0
63,2838,6321,79,997247,8151,13,488,1,0,1,0
64,2839,6319,79,997244,8443,13,488,1,0,1,0
65,2838,6324,79,997243,8419,12,483,1,0,1,0
66,2839,6322,79,997243,8387,13,488,1,0,1,0
67,2840,6318,79,997240,9192,13,488,1,0,1,0
68,2839,6319,79,997245,8513,13,488,1,0,1,0
69,2840,6315,79,997248,8338,12,483,1,0,1,0
70,2839,6316,79,997248,8483,12,483,1,0,1,0
71,2839,6317,79,997247,8444,12,481,1,0,1,0
72,2841,6316,79,997248,8526,12,483,1,0,1,0
73,2839,6325,79,997251,8454,12,483,1,0,1,0
74,2839,6329,79,997251,8439,12,481,1,0,1,0
75,2837,6336,79,997251,8520,12,483,1,0,1,0
76,2835,6339,79,997247,8454,12,481,1,0,1,0
77,2835,6338,79,997244,8680,9,465,1,0,1,0
78,2835,6339,81,997248,8529,11,476,1,0,1,0
79,2834,6340,81,997248,8357,11,476,1,0,1,0
80,2834,6340,81,997248,8307,9,465,1,0,1,0
81,2833,6341,81,997245,8570,11,476,1,0,1,0
82,2833,6343,81,997244,8315,9,465,1,0,1,0
83,2833,6343,81,997246,8181,9,461,1,0,1,0
84,2831,6347,81,997243,8355,9,465,1,0,1,0
85,2831,6348,81,997242,8249,9,465,1,0,1,0
86,2832,6348,81,997240,9333,9,465,1,0,1,0
87,2830,6354,81,997239,8311,11,476,1,0,1,0
88,2831,6356,81,997239,8277,9,465,1,0,1,0
89,2830,6358,81,997245,8336,9,465,1,0,1,0
90,2829,6361,81,997244,8240,9,465,1,0,1,0
91,2829,6360,81,997244,8246,11,476,1,0,1,0
92,2828,6363,72,997244,8445,9,461,1,0,1,0
93,2829,6363,79,997242,8472,9,465,1,0,1,0
94,2829,6367,81,997243,8333,9,461,1,0,1,0
95,2827,6375,81,997246,8194,9,465,1,0,1,0
96,2827,6377,81,997245,8214,9,461,1,0,1,0
97,2823,6385,81,997248,8239,9,465,1,0,1,0
98,2821,6393,81,997252,8448,9,461,1,0,1,0
99,2820,6394,81,997252,8278,15,501,1,0,1,0
100,2820,6399,81,997252,8281,9,464,1,0,1,0
101,2821,6404,81,997254,8127,9,464,1,0,1,0
102,2821,6410,81,997254,8248,9,464,1,0,1,0
103,2820,6419,81,997249,8373,10,466,1,0,1,0
104,2821,6420,81,997250,8188,9,464,1,0,1,0
105,2821,6422,81,997250,8180,10,466,1,0,1,0
106,2821,6421,81,997249,8404,10,466,1,0,1,0
107,2823,6416,81,997245,8314,9,464,1,0,1,0
108,2820,6421,81,997247,8319,9,464,1,0,1,0
109,2821,6420,81,997246,8265,9,464,1,0,1,0
110,2820,6422,81,997247,8106,9,464,1,0,1,0
111,2820,6421,81,997245,8164,9,464,1,0,1,0
112,2818,6423,81,997244,8660,9,464,1,0,1,0
113,2817,6425,81,997250,8535,10,466,1,0,1,0
114,2817,6426,81,997252,8469,9,464,1,0,1,0
115,2817,6426,81,997254,8256,10,466,1,0,1,0
116,2819,6422,81,997258,8222,9,464,1,0,1,0
117,2819,6423,81,997260,8517,10,466,1,0,1,0
118,2822,6416,81,997257,8103,10,466,1,0,1,0
119,2823,6416,81,997254,8339,9,464,1,0,1,0
120,2822,6412,81,997252,8239,9,464,1,0,1,0
121,2822,6412,81,997250,8161,10,466,1,0,1,0
122,2820,6417,81,997247,8283,10,466,1,0,1,0
123,2819,6422,81,997247,8256,10,466,1,0,1,0
124,2819,6427,81,997246,8329,10,466,1,0,1,0
125,2822,6422,81,997247,8178,10,466,1,0,1,0
126,2823,6422,81,997253,8226,9,464,1,0,1,0
127,2824,6419,81,997256,8146,10,466,1,0,1,0
128,2825,6414,81,997262,8201,9,464,1,0,1,0
129,2826,6411,81,997260,8201,10,466,1,0,1,0
130,2831,6400,81,997260,8209,4,428,1,0,1,0
131,2832,6395,81,997262,8268,10,472,1,0,1,0
132,2835,6392,81,997259,8179,8,457,1,0,1,0
133,2836,6393,81,997259,8186,8,457,1,0,1,0
134,2834,6403,81,997259,8174,9,462,1,0,1,0
135,2837,6396,81,997259,8192,7,452,1,0,1,0
136,2836,6397,81,997257,8421,7,447,1,0,1,0
137,2834,6394,81,997256,8106,7,452,1,0,1,0
138,2836,6383,81,997256,8330,7,452,1,0,1,0
139,2835,6381,81,997258,8269,7,447,1,0,1,0
140,2836,6376,81,997257,8437,6,443,1,0,1,0
141,2837,6374,81,997258,8357,6,443,1,0,1,0
142,2838,6372,81,997254,8280,7,451,1,0,1,0
143,2839,6370,81,997254,8157,7,446,1,0,1,0
144,2840,6365,81,997258,8269,7,451,1,0,1,0
145,2840,6360,81,997256,8344,7,451,1,0,1,0
146,2839,6358,81,997259,8386,7,451,1,0,1,0
147,2838,6357,81,997257,8441,7,446,1,0,1,0
148,2840,6352,81,997255,8342,8,456,1,0,1,0
149,2842,6347,81,997251,8320,7,451,1,0,1,0
150,2843,6342,81,997253,8132,7,446,1,0,1,0
151,2845,6334,81,997253,8388,7,451,1,0,1,0
152,2845,6331,81,997252,8242,7,446,1,0,1,0
153,2845,6331,81,997249,8158,7,446,1,0,1,0
154,2845,6334,81,997251,8301,6,442,1,0,1,0
155,2844,6340,81,997254,8351,6,442,1,0,1,0
156,2844,6342,81,997255,8306,7,451,1,0,1,0
157,2843,6341,81,997257,8374,6,442,1,0,1,0
158,2842,6336,81,997252,8135,6,442,1,0,1,0
159,2842,6329,81,997252,8382,7,446,1,0,1,0
160,2841,6326,81,997253,8697,7,446,1,0,1,0
161,2843,6320,81,997256,8451,6,442,1,0,1,0
162,2842,6321,81,997254,8578,7,446,1,0,1,0
163,2843,6321,81,997260,8387,7,451,1,0,1,0
164,2843,6324,81,997262,9508,7,451,1,0,1,0
165,2843,6321,81,997256,8624,7,446,1,0,1,0
166,2845,6313,79,997256,8647,7,451,1,0,1,0
167,2846,6306,76,997247,8446,7,451,1,0,1,0
168,2846,6302,74,997245,8347,7,451,1,0,1,0
169,2845,6302,74,997246,8595,7,451,1,0,1,0
170,2845,6298,76,997251,8289,8,456,1,0,1,0
171,2845,6293,76,997251,8397,8,456,1,0,1,0
172,2849,6282,76,997248,8214,8,456,1,0,1,0
173,2852,6275,79,997250,8357,8,456,1,0,1,0
174,2854,6275,79,997249,8232,8,456,1,0,1,0
175,2853,6277,76,997246,8242,9,461,1,0,1,0
176,2852,6281,74,997243,8395,9,465,1,0,1,0
177,2854,6277,74,997245,8304,9,465,1,0,1,0
178,2853,6276,76,997249,8269,8,456,1,0,1,0
179,2855,6266,74,997251,8601,9,461,1,0,1,0
180,2857,6257,74,997248,8455,9,461,1,0,1,0
181,2855,6258,74,997249,8336,9,461,1,0,1,0
182,2855,6256,74,997245,8523,9,465,1,0,1,0
183,2854,6258,74,997242,8248,9,461,1,0,1,0
184,2852,6263,74,997244,8210,9,465,1,0,1,0
185,2851,6267,76,997243,8296,9,461,1,0,1,0
186,2853,6263,74,997246,8211,9,465,1,0,1,0
187,2851,6267,74,997249,8945,9,461,1,0,1,0
188,2852,6265,74,997252,8346,9,465,1,0,1,0
189,2855,6259,74,997254,8266,9,461,1,0,1,0
190,2855,6259,74,997254,8142,9,465,1,0,1,0
191,2858,6252,74,997253,8118,9,461,1,0,1,0
192,2857,6254,74,997255,8249,9,465,1,0,1,0
193,2856,6258,74,997251,8404,9,461,1,0,1,0
194,2855,6259,74,997249,8198,11,473,1,0,1,0
195,2854,6259,74,997249,8945,9,461,1,0,1,0
196,2856,6250,74,997249,8351,9,461,1,0,1,0
197,2858,6237,74,997246,8519,9,465,1,0,1,0
198,2860,6225,74,997244,8348,9,461,1,0,1,0
199,2861,6215,74,997245,8326,9,465,1,0,1,0
200,2862,6207,74,997245,8438,9,464,1,0,1,0
201,2862,6208,74,997243,8318,9,464,1,0,1,0
202,2861,6212,74,997243,8216,9,464,1,0,1,0
203,2861,6218,74,997242,8654,9,464,1,0,1,0
204,2861,6221,74,997238,8231,9,464,1,0,1,0
205,2862,6221,74,997235,8340,9,464,1,0,1,0
206,2866,6212,74,997235,8246,9,464,1,0,1,0
207,2867,6208,74,997238,8077,9,464,1,0,1,0
208,2866,6211,74,997235,8160,9,464,1,0,1,0
209,2865,6213,76,997232,8410,9,464,1,0,1,0
210,2863,6223,76,997234,8406,9,464,1,0,1,0
211,2864,6226,74,997236,8473,9,464,1,0,1,0
212,2864,6231,74,997237,8146,9,460,1,0,1,0
213,2866,6229,76,997243,8670,9,464,1,0,1,0
214,2867,6227,74,997244,8300,9,461,1,0,1,0
215,2868,6226,74,997239,8622,10,472,1,0,1,0
216,2869,6217,79,997238,8442,9,464,1,0,1,0
217,2869,6207,76,997237,9076,9,464,1,0,1,0
218,2869,6200,79,997232,8333,9,460,1,0,1,0
219,2870,6196,79,997231,8641,9,464,1,0,1,0
220,2868,6201,79,997228,8374,9,464,1,0,1,0
221,2867,6205,79,997229,8340,9,460,1,0,1,0
222,2869,6203,79,997233,8162,9,460,1,0,1,0
223,2868,6203,79,997231,8321,9,460,1,0,1,0
224,2870,6200,79,997234,8336,9,460,1,0,1,0
225,2872,6197,76,997238,8625,9,460,1,0,1,0
226,2871,6199,79,997236,8330,9,460,1,0,1,0
227,2874,6192,79,997239,8478,8,455,1,0,1,0
228,2875,6187,76,997237,8533,9,464,1,0,1,0
229,2875,6191,76,997237,8555,9,460,1,0,1,0
230,2875,6196,76,997237,8359,3,425,1,0,1,0
231,2873,6206,76,997235,8682,3,425,1,0,1,0
232,2872,6216,76,997235,8541,4,432,1,0,1,0
233,2872,6217,76,997236,8481,8,455,1,0,1,0
234,2872,6216,79,997239,8503,10,472,1,0,1,0
235,2874,6210,79,997240,8744,9,460,1,0,1,0
236,2875,6198,79,997238,8593,8,455,1,0,1,0
237,2876,6190,79,997237,8463,8,455,1,0,1,0
238,2875,6186,79,997241,8463,4,432,1,0,1,0
239,2875,6182,79,997241,9316,2,416,1,0,1,0
240,2875,6183,79,997241,8521,3,425,1,0,1,0
241,2874,6187,76,997239,8497,3,421,1,0,1,0
242,2873,6190,74,997233,8234,3,421,1,0,1,0
243,2873,6192,76,997229,8189,7,450,1,0,1,0
244,2873,6191,76,997225,8426,7,450,1,0,1,0
245,2873,6187,76,997224,8260,8,455,1,0,1,0
246,2874,6177,74,997224,8091,8,455,1,0,1,0
247,2873,6171,76,997222,8158,8,455,1,0,1,0
248,2872,6168,76,997218,8112,8,454,1,0,1,0
249,2872,6161,76,997222,8259,8,459,1,0,1,0
250,2871,6160,76,997222,8335,7,451,1,0,1,0
251,2870,6159,76,997222,8225,8,454,1,0,1,0
252,2870,6162,76,997224,8254,8,454,1,0,1,0
253,2868,6170,79,997225,8327,7,451,1,0,1,0
254,2869,6173,76,997222,9086,8,459,1,0,1,0
255,2868,6177,74,997219,8214,8,454,1,0,1,0
0,2866,6183,76,997220,8444,8,459,1,0,1,0
1,2865,6186,67,997221,9163,7,451,1,0,1,0
2,2865,6188,74,997221,8628,7,450,1,0,1,0
3,2865,6192,76,997221,8132,7,447,1,0,1,0
4,2867,6191,76,997226,8246,8,455,1,0,1,0
5,2869,6194,76,997220,9085,7,447,1,0,1,0
6,2868,6202,76,997220,8535,7,447,1,0,1,0
7,2869,6203,76,997220,8619,7,450,1,0,1,0
8,2868,6208,74,997216,8351,7,450,1,0,1,0
9,2865,6213,74,997215,8432,7,450,1,0,1,0
10,2865,6208,74,997217,8462,7,447,1,0,1,0
11,2862,6209,74,997219,8472,7,450,1,0,1,0
12,2865,6201,74,997220,8594,7,450,1,0,1,0
13,2867,6198,74,997225,8445,7,450,1,0,1,0
14,2865,6210,74,997218,8417,8,455,1,0,1,0
15,2867,6214,76,997215,8210,7,450,1,0,1,0
16,2864,6225,79,997214,8269,8,455,1,0,1,0
17,2864,6225,76,997212,8219,7,450,1,0,1,0
18,2867,6213,74,997214,8453,9,460,1,0,1,0
19,2867,6210,79,997214,8287,8,455,1,0,1,0
20,2867,6200,74,997213,8450,8,455,1,0,1,0
21,2866,6193,76,997214,8214,9,464,1,0,1,0
22,2867,6185,74,997218,8543,9,460,1,0,1,0
23,2870,6176,76,997218,8220,9,460,1,0,1,0
24,2874,6171,74,997222,8566,9,460,1,0,1,0
25,2876,6170,79,997218,8601,10,470,1,0,1,0
26,2875,6176,79,997217,8342,9,463,1,0,1,0
27,2876,6175,79,997217,8541,3,424,1,0,1,0
28,2876,6173,79,997215,8552,5,435,1,0,1,0
29,2876,6170,79,997215,8549,4,428,1,0,1,0
30,2876,6167,76,997213,8730,3,424,1,0,1,0
31,2878,6158,74,997216,8423,5,435,1,0,1,0
32,2878,6155,74,997217,8657,4,428,1,0,1,0
33,2878,6151,74,997215,8989,3,424,1,0,1,0
34,2879,6151,76,997208,8625,4,428,1,0,1,0
35,2878,6158,74,997210,8774,4,428,1,0,1,0
36,2879,6168,76,997210,8678,4,428,1,0,1,0
37,2881,6175,74,997211,8511,4,428,1,0,1,0
38,2884,6175,74,997210,8586,4,428,1,0,1,0
39,2886,6175,74,997210,8955,4,428,1,0,1,0
40,2888,6169,74,997212,8540,4,428,1,0,1,0
41,2888,6166,74,997216,9454,4,428,1,0,1,0
42,2888,6166,74,997212,8631,4,428,1,0,1,0
43,2887,6162,74,997214,8545,4,428,1,0,1,0
44,2888,6161,74,997215,8435,4,428,1,0,1,0
45,2887,6162,74,997216,8317,4,428,1,0,1,0
46,2889,6159,74,997218,8451,4,428,1,0,1,0
47,2890,6159,74,997216,8407,4,428,1,0,1,0
48,2890,6158,74,997214,8487,4,428,1,0,1,0
49,2889,6159,74,997209,9352,4,428,1,0,1,0
50,2887,6164,74,997205,9518,4,428,1,0,1,0
51,2885,6174,74,997204,9025,3,424,1,0,1,0
52,2885,6178,76,997206,8583,4,428,1,0,1,0
53,2885,6181,74,997207,8457,3,424,1,0,1,0
54,2884,6182,74,997203,8462,4,428,1,0,1,0
55,2885,6176,76,997207,8399,3,421,1,0,1,0
56,2886,6171,76,997207,8339,3,421,1,0,1,0
57,2887,6165,76,997201,8290,4,428,1,0,1,0
58,2888,6160,74,997199,9070,3,424,1,0,1,0
59,2888,6161,74,997198,8443,4,428,1,0,1,0
60,2886,6165,74,997201,8428,2,417,1,0,1,0
61,2885,6165,74,997196,8395,3,424,1,0,1,0
62,2885,6167,74,997187,8492,3,424,1,0,1,0
63,2886,6167,74,997186,8447,3,424,1,0,1,0
64,2887,6166,74,997187,8536,4,428,1,0,1,0
65,2886,6175,74,997191,8229,3,424,1,0,1,0
66,2886,6183,74,997191,8144,3,420,1,0,1,0
67,2884,6193,74,997190,8189,3,420,1,0,1,0
68,2884,6197,74,997191,8897,3,421,1,0,1,0
69,2886,6192,74,997194,8449,2,416,1,0,1,0
70,2886,6190,74,997201,8040,3,421,1,0,1,0
71,2887,6182,74,997202,8272,2,416,1,0,1,0
72,2886,6181,74,997201,8119,2,416,1,0,1,0
73,2886,6177,74,997202,8344,3,421,1,0,1,0
74,2888,6168,74,997200,8623,2,416,1,0,1,0
75,2888,6167,74,997200,8488,2,417,1,0,1,0
76,2889,6162,74,997198,8810,3,420,1,0,1,0
77,2890,6163,67,997193,8304,2,417,1,0,1,0
78,2889,6168,49,997191,8337,3,420,1,0,1,0
79,2891,6163,49,997190,8442,3,420,1,0,1,0
80,2891,6165,49,997187,8503,3,420,1,0,1,0
81,2892,6160,54,997188,8451,2,417,1,0,1,0
82,2894,6152,52,997193,8680,3,420,1,0,1,0
83,2891,6157,52,997193,8880,2,417,1,0,1,0
84,2893,6156,52,997198,8367,2,417,1,0,1,0
85,2893,6162,54,997196,8637,1,410,1,0,1,0
86,2894,6172,54,997191,9190,1,410,1,0,1,0
87,2893,6187,54,997191,9143,2,417,1,0,1,0
88,2892,6203,52,997195,8936,1,410,1,0,1,0
89,2889,6221,54,997196,8483,1,407,1,0,1,0
90,2887,6228,54,997197,8300,0,402,1,0,1,0
91,2888,6224,56,997196,8674,1,407,1,0,1,0
92,2886,6227,56,997199,8660,0,402,1,0,1,0
93,2887,6220,54,997203,8462,0,402,1,0,1,0
94,2887,6216,54,997206,8289,0,402,1,0,1,0
95,2887,6215,54,997210,8262,0,400,1,0,1,0
96,2888,6209,54,997209,8338,0,400,1,0,1,0
97,2887,6207,54,997204,8773,0,400,1,0,1,0
98,2888,6206,54,997204,8611,0,400,1,0,1,0
99,2889,6201,54,997204,8371,0,400,1,0,1,0
100,2889,6197,56,997204,8346,0,400,1,0,1,0
101,2890,6193,54,997199,8436,0,400,1,0,1,0
102,2889,6191,54,997196,8622,0,400,1,0,1,0
103,2889,6191,54,997196,8945,0,400,1,0,1,0
104,2889,6194,54,997199,8919,0,402,1,0,1,0
105,2888,6203,52,997193,8693,0,402,1,0,1,0
106,2885,6212,52,997194,8137,0,402,1,0,1,0
107,2885,6220,56,997197,9087,0,402,1,0,1,0
108,2884,6224,52,997201,8463,0,400,1,0,1,0
109,2885,6222,52,997196,8451,0,400,1,0,1,0
110,2886,6218,52,997198,8644,0,400,1,0,1,0
111,2886,6215,54,997196,8488,0,400,1,0,1,0
112,2887,6211,52,997190,8309,0,400,1,0,1,0
113,2887,6210,54,997191,8304,0,400,1,0,1,0
114,2888,6209,52,997188,8390,0,400,1,0,1,0
115,2886,6217,52,997187,8241,0,405,1,0,1,0
116,2885,6222,56,997191,8105,1,411,1,0,1,0
117,2884,6225,56,997189,8360,0,405,1,0,1,0
118,2884,6221,56,997181,8146,2,414,1,0,1,0
119,2888,6205,56,997181,8514,2,414,0,1,0,1
120,2887,6196,56,997185,8290,2,414,0,1,0,1
121,2887,6186,56,997186,8479,2,414,0,1,0,1
122,2888,6177,58,997180,8105,2,414,0,1,0,1
123,2887,6170,58,997183,8266,2,414,0,1,0,1
124,2889,6165,63,997188,8400,3,422,0,1,0,1
125,2890,6164,63,997188,8373,2,415,0,1,0,1
126,2890,6172,63,997189,8191,2,417,0,1,0,1
127,2890,6177,72,997192,9199,2,417,0,1,0,1
128,2889,6180,72,997186,8438,2,417,0,1,0,1
129,2890,6178,72,997181,8105,2,417,0,1,0,1
130,2892,6173,72,997177,8300,2,414,0,1,0,1
131,2891,6173,72,997181,8198,2,417,0,1,0,1
132,2896,6163,72,997181,8367,2,417,0,1,0,1
133,2897,6162,72,997180,8236,2,417,0,1,0,1
134,2898,6155,72,997183,8118,3,422,0,1,0,1
135,2902,6145,72,997180,8248,3,426,0,1,0,1
136,2904,6138,72,997175,8058,2,417,0,1,0,1
137,2906,6126,72,997172,8044,2,417,0,1,0,1
138,2908,6116,72,997169,8202,3,422,0,1,0,1
139,2908,6102,72,997170,8148,3,426,0,1,0,1
140,2909,6091,72,997171,8078,5,433,0,1,0,1
141,2913,6076,72,997175,8362,5,433,0,1,0,1
142,2915,6067,72,997173,8396,5,433,0,1,0,1
143,2917,6065,72,997173,8637,5,433,0,1,0,1
144,2919,6063,72,997175,8377,5,433,0,1,0,1
145,2919,6065,72,997173,9185,5,433,0,1,0,1
146,2921,6065,70,997166,8530,5,438,0,1,0,1
147,2921,6065,70,997165,8159,5,438,0,1,0,1
148,2922,6058,72,997164,8185,6,445,0,1,0,1
149,2923,6051,72,997160,8203,5,438,0,1,0,1
150,2926,6040,72,997164,8182,5,438,0,1,0,1
151,2929,6033,74,997166,8163,5,438,0,1,0,1
152,2930,6033,74,997172,8231,0,406,0,1,0,1
153,2934,6029,74,997173,8007,0,406,0,1,0,1
154,2934,6033,74,997165,8099,0,406,0,1,0,1
155,2937,6028,72,997160,8090,2,416,0,1,0,1
156,2939,6024,72,997155,8203,2,415,0,1,0,1
157,2940,6019,74,997151,8187,1,409,0,1,0,1
158,2943,6007,72,997149,8138,0,405,0,1,0,1
159,2945,6000,70,997148,8287,1,409,0,1,0,1
160,2947,5996,72,997149,8173,0,405,0,1,0,1
161,2950,5994,72,997153,8238,2,416,0,1,0,1
162,2951,5998,72,997150,8356,2,416,0,1,0,1
163,2952,6002,72,997154,8235,1,409,0,1,0,1
164,2956,5996,72,997153,8061,1,409,0,1,0,1
165,2958,5992,72,997152,8184,0,405,0,1,0,1
166,2959,5992,72,997152,8085,1,409,0,1,0,1
167,2961,5987,72,997147,8197,1,409,0,1,0,1
168,2960,5987,72,997147,8090,2,416,0,1,0,1
169,2962,5984,72,997145,8130,2,416,0,1,0,1
170,2965,5979,72,997148,8244,0,405,0,1,0,1
171,2969,5977,72,997146,8204,1,409,0,1,0,1
172,2972,5975,72,997144,8208,1,409,0,1,0,1
173,2974,5971,72,997145,8295,2,414,0,1,0,1
174,2978,5962,70,997145,8232,1,409,0,1,0,1
175,2979,5954,70,997145,8655,2,414,0,1,0,1
176,2980,5948,70,997147,9558,0,400,0,1,0,1
177,2982,5942,70,997147,8723,6,444,0,1,0,1
178,2983,5936,70,997146,8386,5,439,0,1,0,1
179,2986,5924,70,997142,8541,3,423,0,1,0,1
180,2987,5914,70,997148,8361,5,439,0,1,0,1
181,2988,5905,70,997153,8463,6,444,0,1,0,1
182,2990,5901,67,997158,8550,5,439,0,1,0,1
183,2992,5898,70,997154,10417,5,439,0,1,0,1
184,2995,5895,70,997155,9373,5,439,0,1,0,1
185,2997,5898,70,997159,8982,5,439,0,1,0,1
186,2998,5900,70,997160,8774,5,434,0,1,0,1
187,2998,5902,70,997158,8727,5,434,0,1,0,1
188,2998,5901,70,997158,8435,5,439,0,1,0,1
189,3001,5896,70,997158,8574,5,434,0,1,0,1
190,3002,5894,70,997153,8034,4,427,0,1,0,1
191,3003,5896,70,997153,8256,5,434,0,1,0,1
192,3004,5901,70,997151,8084,5,434,0,1,0,1
193,3005,5907,67,997147,8169,4,427,0,1,0,1
194,3007,5906,67,997142,8294,4,427,0,1,0,1
195,3009,5903,67,997142,8475,4,427,0,1,0,1
196,3011,5897,67,997149,8386,4,427,0,1,0,1
197,3014,5887,70,997148,8318,4,427,0,1,0,1
198,3018,5882,67,997147,8322,3,423,0,1,0,1
199,3020,5876,67,997141,8214,3,423,0,1,0,1
200,3023,5876,70,997141,8216,3,423,0,1,0,1
201,3025,5880,70,997144,8393,3,422,0,1,0,1
202,3026,5886,70,997145,8314,5,433,0,1,0,1
203,3030,5887,67,997148,8410,0,400,0,1,0,1
204,3032,5886,67,997147,8422,0,400,0,1,0,1
205,3037,5874,67,997150,8330,0,400,0,1,0,1
206,3039,5865,67,997149,8362,0,400,0,1,0,1
207,3039,5859,67,997150,8196,0,400,0,1,0,1
208,3041,5849,67,997146,8221,0,400,0,1,0,1
209,3044,5842,67,997146,8315,0,400,0,1,0,1
210,3049,5830,67,997143,8295,0,400,0,1,0,1
211,3052,5825,67,997139,8155,0,400,0,1,0,1
212,3055,5819,67,997134,8243,0,400,0,1,0,1
213,3053,5817,67,997138,8148,2,418,0,1,0,1
214,3054,5810,67,997140,8343,2,416,0,1,0,1
215,3058,5794,67,997138,8463,2,416,0,1,0,1
216,3061,5780,67,997132,8371,2,416,0,1,0,1
217,3066,5762,67,997136,8181,2,416,0,1,0,1
218,3068,5748,67,997137,8268,2,416,0,1,0,1
219,3068,5742,67,997136,8426,3,421,0,1,0,1
220,3070,5737,67,997138,8339,3,421,0,1,0,1
221,3069,5738,65,997137,8412,3,421,0,1,0,1
222,3070,5739,63,997133,8291,2,414,0,1,0,1
223,3069,5740,65,997131,8342,3,421,0,1,0,1
224,3068,5741,67,997135,8073,3,421,0,1,0,1
225,3068,5739,67,997138,8329,3,421,0,1,0,1
226,3070,5733,67,997135,8244,3,421,0,1,0,1
227,3074,5727,70,997130,8398,3,421,0,1,0,1
228,3076,5722,70,997127,8501,3,421,0,1,0,1
229,3078,5715,70,997121,8342,3,425,0,1,0,1
230,3078,5714,70,997122,8329,0,400,0,1,0,1
231,3077,5708,70,997126,8145,3,421,0,1,0,1
232,3079,5701,70,997122,8668,4,432,0,1,0,1
233,3079,5701,70,997127,8414,3,421,0,1,0,1
234,3082,5697,67,997124,8235,3,425,0,1,0,1
235,3085,5695,70,997122,8211,3,421,0,1,0,1
236,3087,5696,70,997122,8165,3,425,0,1,0,1
237,3089,5695,70,997125,8523,3,425,0,1,0,1
238,3091,5691,67,997123,8509,3,425,0,1,0,1
239,3094,5684,67,997119,8732,4,432,0,1,0,1
240,3098,5673,67,997120,8493,4,432,0,1,0,1
241,3100,5664,70,997122,8327,3,421,0,1,0,1
242,3104,5656,70,997126,8265,4,428,0,1,0,1
243,3104,5654,67,997128,8388,4,428,0,1,0,1
244,3107,5646,67,997127,8292,4,428,0,1,0,1
245,3110,5639,67,997126,8362,4,428,0,1,0,1
246,3110,5633,67,997126,8252,3,424,0,1,0,1
247,3113,5619,67,997120,8200,3,424,0,1,0,1
248,3114,5610,67,997117,8607,3,424,0,1,0,1
249,3116,5600,67,997116,8472,4,432,0,1,0,1
250,3118,5594,67,997116,8406,5,436,0,1,0,1
251,3118,5598,67,997114,8438,5,436,0,1,0,1
252,3119,5600,67,997114,8198,4,432,0,1,0,1
253,3122,5597,61,997117,8280,5,436,0,1,0,1
254,3125,5596,61,997117,9171,5,436,0,1,0,1
255,3128,5590,54,997115,8609,3,425,0,1,0,1
0,3130,5586,54,997110,8281,0,400,1,0,1,0
1,3131,5583,54,997112,8126,0,400,1,0,1,0
2,3133,5577,54,997108,8122,0,400,1,0,1,0
3,3133,5573,54,997107,8232,0,405,1,0,1,0
4,3134,5569,54,997111,8105,1,408,1,0,1,0
5,3136,5566,47,997116,8329,0,403,1,0,1,0
6,3139,5560,45,997121,8478,0,403,1,0,1,0